{"cameraMode":{"drawMode":0,"name":"Shaded","section":"Shading Mode"},"sceneLighting":true,"audioPlay":false,"sceneViewState":{"m_AlwaysRefresh":false,"showFog":true,"showSkybox":true,"showFlares":true,"showImageEffects":true,"showParticleSystems":true,"showVisualEffectGraphs":true,"m_FxEnabled":true},"in2DMode":false,"pivot":{"x":-0.44776010513305666,"y":416.15264892578127,"z":-3505.35400390625},"rotation":{"x":0.11485394090414047,"y":-0.37724578380584719,"z":0.04721130058169365,"w":0.9177504181861877},"size":1.7800477743148804,"orthographic":false}