{"cameraMode":{"drawMode":0,"name":"Shaded","section":"Shading Mode"},"sceneLighting":true,"audioPlay":false,"sceneViewState":{"m_AlwaysRefresh":false,"showFog":true,"showSkybox":true,"showFlares":true,"showImageEffects":true,"showParticleSystems":true,"showVisualEffectGraphs":true,"m_FxEnabled":true},"in2DMode":false,"pivot":{"x":0.00044929981231689453,"y":410.7821044921875,"z":-3504.3798828125},"rotation":{"x":-0.05106978490948677,"y":-0.09215277433395386,"z":0.004727619234472513,"w":-0.9944463968276978},"size":27.968305587768556,"orthographic":false}