{"cameraMode":{"drawMode":0,"name":"Shaded","section":"Shading Mode"},"sceneLighting":true,"audioPlay":false,"sceneViewState":{"m_AlwaysRefresh":false,"showFog":true,"showSkybox":true,"showFlares":true,"showImageEffects":true,"showParticleSystems":true,"showVisualEffectGraphs":true,"m_FxEnabled":true},"in2DMode":false,"pivot":{"x":0.019683539867401124,"y":0.04026186466217041,"z":5.470287799835205},"rotation":{"x":0.09013865888118744,"y":0.03285524249076843,"z":-0.0029750834219157697,"w":0.9953937530517578},"size":3.8571488857269289,"orthographic":false}