{"cameraMode":{"drawMode":0,"name":"Shaded","section":"Shading Mode"},"sceneLighting":false,"audioPlay":false,"sceneViewState":{"m_AlwaysRefresh":false,"showFog":true,"showSkybox":false,"showFlares":true,"showImageEffects":true,"showParticleSystems":true,"showVisualEffectGraphs":true,"m_FxEnabled":true},"in2DMode":false,"pivot":{"x":0.34031563997268679,"y":-0.6564545035362244,"z":-1.2893973588943482},"rotation":{"x":-0.18518024682998658,"y":0.024169418960809709,"z":-0.004552324302494526,"w":-0.98241126537323},"size":1.3651487827301026,"orthographic":false}